,Weekday,Sleeping
0,Friday,4587.73800110817
1,Monday,4609.717496663332
2,Saturday,4789.248010325432
3,Sunday,4107.222006464004
4,Thursday,4711.2149912416935
5,Tuesday,5003.330009967089
6,Wednesday,5008.364997893572
