,Weekday,Sleeping
0,Friday,32375.068838827887
1,Monday,30364.113608083826
2,Saturday,34586.32326761117
3,Sunday,34234.507693355285
4,Thursday,30882.50432805688
5,Tuesday,31486.510787120053
6,Wednesday,31561.427941787
