,Weekday,Sleeping
0,Friday,1.225684745153131
1,Monday,1.2315569053335111
2,Saturday,1.2795212424059397
3,Sunday,1.097307509074006
4,Thursday,1.258673521571385
5,Tuesday,1.3367165401995962
6,Wednesday,1.3380617146389453
