,Weekday,Sleeping
0,Friday,18.008014961261022
1,Monday,16.74788494077834
2,Saturday,18.744055570398075
3,Sunday,18.436370113100008
4,Thursday,17.201175527651618
5,Tuesday,16.710325941757947
6,Wednesday,17.123964734170453
