,Month,Sleeping
0,April,44575.98929626366
1,August,7245.533226374657
2,December,29834.11840924909
3,February,36117.95072593008
4,January,32780.464616793855
5,July,7451.171934935354
6,June,46713.660334944725
7,March,41403.539330136395
8,May,45183.13483208213
9,November,35252.149989255835
10,October,41305.379985724176
11,September,23250.798657774925
